,logFC,level,p,Genus,ord
Firmicutes,1.42053577670586,enriched,1.11404568993465e-05,Firmicutes,2.01792189290132
Armatimonadetes,-1.0653064325586,depleted,0.00579159005025629,Armatimonadetes,1.13487779525073
Proteobacteria,0.643053210192204,enriched,0.00137785383394689,Proteobacteria,0.413517431138499
