,logFC,level,p,Genus,ord
Bacteroidales,-4.31965162581083,depleted,0.00289781729308387,Bacteroidales,18.6593901683701
Oceanospirillales,2.14022070920608,enriched,0.00247830922333573,Oceanospirillales,4.58054468411456
Opitutales,-1.71217904095653,depleted,3.18967905344648e-06,Opitutales,2.93155706829082
Bacillales,1.24198340620748,enriched,0.000203037007315115,Bacillales,1.54252278129473
Sphingobacteriales,-1.12822192734652,depleted,3.6239785727218e-05,Sphingobacteriales,1.27288471734549
Cytophagales,-0.988030038264852,depleted,0.00224702473994741,Cytophagales,0.976203356513645
Sphingomonadales,0.881522440658365,enriched,0.000513175211247186,Sphingomonadales,0.77708181338428
Rhizobiales,0.623451426143752,enriched,0.00246311238645912,Rhizobiales,0.388691680760678
