,logFC,level,p,Genus,ord
Enterobacteriaceae,5.87363465739145,enriched,8.360964037177e-05,Enterobacteriaceae,34.49958408851
Prolixibacteraceae,-4.4404403697088,depleted,0.00173195821400746,Prolixibacteraceae,19.7175106769396
Thermoactinomycetaceae_1,-3.46798960541726,depleted,0.00354132666924701,Thermoactinomycetaceae_1,12.0269519032822
Alcaligenaceae,3.10366964211157,enriched,5.38757226575807e-05,Alcaligenaceae,9.63276524736498
Bacillaceae_2,2.14050370853497,enriched,0.00154138653722849,Bacillaceae_2,4.58175612625198
Bacillaceae_1,1.98153916383948,enriched,8.02678667709523e-11,Bacillaceae_1,3.92649745782966
Paenibacillaceae_1,1.76539242230149,enriched,0.000570530211819458,Paenibacillaceae_1,3.11661040471951
Thermomonosporaceae,-0.679092403037488,depleted,0.00363541195554382,Thermomonosporaceae,0.461166491863229
