"igraph.degree","igraph.closeness","igraph.betweenness","igraph.cen.degree"
1,0.333333333333333,0,1
1,0.333333333333333,0,1
1,0.333333333333333,0,1
1,0.333333333333333,0,1
