,logFC,level,p,Genus,ord
ASV_849,6.7788982822771,enriched,1.4728265347231e-05,ASV_849,45.9534619214594
ASV_881,6.54869860738133,enriched,1.21606220541857e-05,ASV_881,42.8854534503182
ASV_1731,6.06203300048237,enriched,3.12350043769495e-05,ASV_1731,36.7482440989373
ASV_2362,4.79277464069731,enriched,0.000174774882285765,ASV_2362,22.9706887565112
ASV_1145,4.79143522117911,enriched,0.000120016156930749,ASV_1145,22.9578514787557
