"","name","R_mantel","p_mantel","R_pro","p_pro"
"1","KO_VS_OE",0.110714285714286,0.375,0.626254337759684,0.288888888888889
"2","KO_VS_WT",0.510714285714286,0.0361111111111111,0.575132943401472,0.223611111111111
"3","OE_VS_WT",0.0892857142857143,0.370833333333333,0.751875999356443,0.594444444444444
