"","name","R_mantel","p_mantel","R_pro","p_pro"
"1","Group1_VS_Group2",0.575,0.025,0.895553298157046,0.875
"2","Group1_VS_Group3",-0.221428571428571,0.772222222222222,0.960549510642795,0.829166666666667
"3","Group2_VS_Group3",-0.325,0.893055555555556,0.939841089331547,0.916666666666667
