,logFC,level,p,Genus,ord
Bacillales,1.78249083385298,enriched,3.65983692156688e-09,Bacillales,3.1772735727699
