,logFC,level,p,Genus,ord
Bacilli,1.71340775487877,enriched,3.56411489516642e-07,Bacilli,2.93576613447871
