"","ID","ratio"
"1","Group1",49.0092470277411
"2","Group2",40.2569593147752
"3","Group3",45.2185792349727
