"","ID","Vulnerability"
"1","Group1",0.043580151358789
"2","Group2",0.0793762060047918
"3","Group3",0.00997618046798371
