,logFC,level,p,Genus,ord
ASV_1032,-11.3937554562562,depleted,2.46509175663281e-08,ASV_1032,129.817663396968
ASV_1841,-10.115019595933,depleted,3.02229349414531e-11,ASV_1841,102.313621426109
ASV_4700,-9.55791343777544,depleted,2.69253135399541e-05,ASV_4700,91.3537092840084
ASV_4159,9.47980305826936,enriched,3.37095997564445e-06,ASV_4159,89.8666660235731
ASV_4768,-9.47293894122011,depleted,4.09080411304755e-06,ASV_4768,89.7365721840844
