,logFC,level,p,Genus,ord
Poribacteria,5.05625666619186,enriched,0.000279450120128914,Poribacteria,25.5657314744096
