,logFC,level,p,Genus,ord
ASV_1038,-6.39914002277421,depleted,0.00193201645404315,ASV_1038,40.9489930310707
ASV_1185,6.32501298231397,enriched,0.000367098839586948,ASV_1185,40.0057892264403
ASV_1149,-6.03662473484893,depleted,0.0022285477635842,ASV_1149,36.4408381893899
ASV_1373,5.96452452961452,enriched,0.00179117491291544,ASV_1373,35.5755528643733
ASV_1479,5.86179548034605,enriched,0.00144247593894168,ASV_1479,34.3606462534054
