,logFC,level,p,Genus,ord
ASV_649,7.41876175603881,enriched,0.00110149063859964,ASV_649,55.0380259928641
ASV_723,-6.92428216965278,depleted,3.86492102142162e-06,ASV_723,47.9456835649714
ASV_802,-6.85394748623278,depleted,6.91445622714245e-05,ASV_802,46.9765961440367
ASV_173,6.51844398169643,enriched,0.000192642224947519,ASV_173,42.4901119425144
ASV_1185,6.32501298231397,enriched,0.000401634352899738,ASV_1185,40.0057892264403
