,logFC,level,p,Genus,ord
Poribacteria,5.05628727494795,enriched,0.000276660528588677,Poribacteria,25.5660410068006
