,logFC,level,p,Genus,ord
Crenarchaeota,5.72112368345502,enriched,2.52738833840116e-07,Crenarchaeota,32.7312562013899
Poribacteria,4.33773371192715,enriched,0.00109053714143258,Poribacteria,18.8159337555893
Elusimicrobia,-2.94868024090754,depleted,0.00532578160608363,Elusimicrobia,8.69471516311857
candidate_division_WPS-2,-2.09996548605135,depleted,0.000532181667907362,candidate_division_WPS-2,4.4098550426069
Spirochaetes,1.13063632970666,enriched,0.00918868818956313,Spirochaetes,1.27833851005255
