"","ID","ratio"
"1","KO",41.1513859275053
"2","OE",34.1902313624679
"3","WT",39.2405063291139
