"","ID","Vulnerability"
"1","KO",0.00951287518451698
"2","OE",0.0100439687021507
"3","WT",0.00734993875051045
